Name,Date,Tags,相手
初回MTG,"October 20, 2025",,フロムアート
住宅設備伝達1,"October 21, 2025",,フロムアート
初回現地ミーティング,"November 10, 2025 14:00 (GMT+9)",,タムラ建設
初回現地ミーティング,"November 11, 2025 14:00 (GMT+9)",,トヨタウッドユーホーム
リフォーム会社紹介２,"November 5, 2025",,SUUMO
内容確認＆打ち合わせ日程調整,"November 6, 2025",,トヨタウッドユーホーム
打ち合わせ日程調整,"November 6, 2025",,タムラ建設
リフォーム会社紹介１,"November 2, 2025 14:30 (GMT+9)",,SUUMO
リフォーム相談内容確認,"November 2, 2025 11:30 (GMT+9)",,SUUMO
打ち合わせ日程調整,"November 6, 2025",,住友不動産ハウジング
初回現地ミーティング,"November 14, 2025 13:00 (GMT+9)",,パナソニックホームズ
内容確認＆打ち合わせ日程調整,"November 7, 2025",,パナソニックホームズ
初回現地ミーティング (1),"November 13, 2025 13:00 (GMT+9)",,住友不動産ハウジング
